First Name,Last Name,Age,City,Postal Code,Salary,Company
Erin,Wilmot,19,Chicago,17729,70775,Cintas
Jeanne,Grant,65,Dallas,29306,69243,Broadcom
Debora,Hostetler,46,Houston,60557,33824,Citizens Financial Group
Jill,Lorenzen,51,Philadelphia,88093,83153,Costco Wholesale
Mary,Henderson,48,San Diego,16994,95046,Abiomed
Kathleen,Taylor,23,San Jose,32188,33471,Cincinnati Financial
Madeline,Hurd,60,Los Angeles,70811,92730,Abiomed
Rosalba,Taylor,51,San Diego,72855,42308,Assurant
Shane,Foster,43,Philadelphia,71292,90380,Broadridge Financial Solutions
Joseph,Malone,61,Philadelphia,28771,71594,Digital Realty Trust
Lela,Villarreal,31,Houston,93296,62104,Apartment Investment & Management
Anthony,Lovelady,19,Philadelphia,66818,55526,Bank of America
Barbara,Speroni,52,Chicago,32294,40632,Boston Properties
Michelle,Williamson,46,New York,20472,80097,Baker Hughes
Linda,Jensen,53,Houston,88783,63038,Electronic Arts
Robert,Foster,59,Houston,55270,82706,Dollar Tree
Nancy,Johnson,41,San Antonio,64599,38366,Arthur J. Gallagher
Herman,Obrien,31,Dallas,99116,69242,Best Buy
Lynnette,Hahn,36,Phoenix,75423,56017,Darden Restaurants
Sherrie,Green,22,Dallas,08400,62094,Church & Dwight
Terry,Sowell,43,New York,22358,48427,Agilent Technologies
Annie,Sutton,43,New York,66750,44084,Alphabet (Class C)
Tara,Wright,61,Phoenix,10897,94991,Deere
Eileen,Calhoun,18,Houston,26460,42310,Dow
Arthur,Roberts,38,Dallas,57900,45086,ConocoPhillips
Benita,Davis,40,Houston,75468,90220,Electronic Arts
Ralph,Peralta,27,Los Angeles,02520,36100,Abbott Laboratories
David,Simon,47,San Jose,77263,33495,Akamai Technologies
Alexander,Gautreaux,36,Houston,97320,68101,Advanced Micro Devices
Ellen,Hilton,44,Phoenix,11378,77162,Apartment Investment & Management
Morris,Runion,21,Houston,13202,57788,eBay
Marilyn,Dryden,59,Dallas,01357,62221,Agilent Technologies
Ernest,Jenner,25,Dallas,92506,58285,DXC Technology
Lashell,Koffman,47,San Jose,14055,34968,Assurant
Rose,Barker,54,San Jose,44373,83098,Colgate-Palmolive
Edwin,Simmons,50,Dallas,90892,62554,Citigroup
Arthur,Lagnese,39,Dallas,19369,62480,Accenture
Mary,Butler,39,New York,10799,43357,Arconic
Anne,Pecci,59,Houston,99076,84506,Cintas
Jack,Washington,61,Phoenix,39923,90400,Discovery (Series C)
Marlon,Charles,33,Chicago,81422,65762,Broadcom
Ronald,Collier,24,Dallas,14586,52208,Dollar General
Laura,Braden,49,Chicago,70621,33567,APA Corporation
Chad,Sanford,33,Philadelphia,13282,51591,DuPont de Nemours
John,Willis,34,Philadelphia,49288,48582,Crown Castle International
Della,Alvarez,25,New York,66828,85130,CSX
David,Osborn,45,San Jose,19571,73873,eBay
Lori,Orourke,62,New York,97614,54113,Colgate-Palmolive
Harry,Mierzejewski,19,Houston,78931,33975,Citizens Financial Group
Kathy,Clopton,28,Phoenix,39161,85460,Aptiv
Elena,Doherty,60,San Diego,02937,74940,AvalonBay Communities
June,Johnson,60,New York,72433,62381,Applied Materials
Billy,James,60,San Diego,07297,56145,Atmos Energy
Ana,Simpson,24,San Diego,39405,95401,Bank of America
Ida,Gremo,21,Chicago,51813,67353,AES
Christopher,Moulder,48,San Jose,11461,93655,Citigroup
Felicia,Reynolds,35,Phoenix,92722,67597,Edison International
Christine,Campbell,19,Houston,92932,97883,Edison International
Tommy,Ferman,52,Dallas,24828,60265,Alaska Air Group
Holli,Pollard,31,Chicago,42307,77959,Adobe
Leigh,Banks,41,Los Angeles,31149,82669,AbbVie
Janet,Aguilar,55,Houston,27410,46327,Alliant Energy
Robert,Rountree,29,San Jose,42178,91927,Advanced Micro Devices
Darlene,Miller,58,New York,28083,49810,DaVita
James,Dan,37,San Diego,59868,43137,AbbVie
Hubert,Schultz,33,San Jose,81767,55272,Atmos Energy
Hilda,Spicer,45,Dallas,96107,57473,Chesapeake Energy
Lisa,Person,37,San Antonio,16356,87137,Discovery (Series C)
Jerry,Yale,32,Phoenix,56484,85607,AT&T
Olive,Baron,44,San Diego,26471,97997,Celanese
Robert,Perez,42,New York,72367,50200,DaVita
Mike,Rodriguez,59,San Jose,04896,65062,Boston Scientific
Martha,Williams,29,San Antonio,34722,57746,Crown Castle International
Tory,Mcclain,18,Chicago,73066,90019,Arthur J. Gallagher
Thomas,Vercher,64,San Antonio,39644,74009,Baker Hughes
Cassandra,Strickland,47,San Diego,24865,33740,AT&T
Trent,Kim,34,Houston,74228,53327,Albemarle
Barry,Adamson,18,San Jose,35852,64830,Block (H&R)
Hazel,Cleary,21,New York,49987,42819,CMS Energy
Ricky,Joyner,61,Phoenix,01215,53492,CVS Health
Leanne,Dean,49,San Jose,03764,37437,Dentsply Sirona
Al,Solis,47,San Jose,61653,93431,Altria Group
Bridgette,Guffey,52,Los Angeles,94255,36363,Apache
Holly,Lacy,41,San Antonio,39584,88940,Corning
Stephanie,Krummel,48,Los Angeles,31269,30111,Edwards Lifesciences
Christopher,Colby,64,Chicago,41392,70724,CenterPoint Energy
Bruce,James,52,San Jose,79738,31902,Conagra Brands
Jeffrey,Magnie,50,Chicago,46337,43317,Crown Castle International
Edna,Mercer,22,San Antonio,17115,42117,Dollar General
Frances,Vega,23,Chicago,86522,93838,Abiomed
Lois,Perfater,28,Dallas,52626,65400,Akamai Technologies
Ethel,Carr,29,Phoenix,84350,75717,ANSYS
George,Fuentes,52,Dallas,27563,82072,Autodesk
James,Burgess,32,Phoenix,56457,80400,Ameriprise Financial
Willie,Hillman,53,Phoenix,57709,32260,Church & Dwight
Sandra,Stallings,62,Houston,39632,41629,Cintas
Cecelia,Rosa,25,San Diego,79884,66467,Domino's Pizza
Ryan,Brennan,51,San Antonio,85760,45301,Delta Air Lines
Alfonso,Forrest,43,Philadelphia,42104,49524,CVS Health
Hector,Duran,33,Philadelphia,09383,96188,Becton Dickinson
